epoch,Bicycles_Only,Bumpy_Road,Buses_Priority,Centre_Line,Closed_To_Pedestrians,Crossroads,Dangerous_Wind _Gusts,Directions_Indicator,Falling_Rocks,Keep_Left,Keep_Right,Left_Lane_Ends,Maximum_Height_in_Meters,Maximum_Weight_in_Tons,Maximum_Width_in_Meters,Minimum_Speed_Limit_50km,Motor_Vehicles_Only,No_Bicycles,No_Buses,No_Entry,No_Motorcycles_Or_Mopeds,No_Motor_Vehicles,No_Motor_Vehicles_Except_Motorcycles_And_Mopeds,No_Nonmotorized_Vehicle,No_Overtaking,No_Parking,No_Pedestrian_Crossing,No_Right_Turn_Crossing,No_Stopping,No_Trucks,No_Turns,No_TwoPerson_Motorcycles,No_TwoStage_Right_Turn_For_Mopeds,No_UTurn,No_Vehicles_Carrying_Dangerous_Goods,OneWay,OneWay_To_The_Left,OneWay_To_The_Right,Other_Dangers,Pedestrians_Only,Pedestrian_Crossing,RailroadCrossing,Roadworks,Road_Closed_To_Pedestrian,Road_Closed_To_Vehicles,Road_Narrows,Rotary,Roundabout,Safety_Zone,School_Crossing,School_Zone,Slippery_Surface,Slow_Down,Sound_Horn,Speed_Limit_90km,Steep_Ascent_10%,Steep_Descent_10%,Stop,Stop_Line,Straight_Ahead_Or_Left_Turn,Straight_Ahead_Or_Right_Turn,Succession_Of_More_Than_Two_Curves_To_The_Right,Traffic_Lights_Ahead,Traffic_Merges_From_Left,Turn_Left,Turn_Left_Or_Right,Turn_Right,TwoStage_Right_Turn_For_Mopeds,TwoWay_Traffic_Ahead,Wild_Animals_Crossing,Traffic_Circle,
1,0.01406249962747097,0.007086614146828651,0.031428832560777664,0.018590902909636497,0.02360423468053341,0.010588235221803188,0.0027027027681469917,0.15008418262004852,0.0010602634865790606,0.011742676608264446,0.0,0.037208814173936844,0.24032700061798096,0.005970149300992489,0.07958123832941055,0.05519750714302063,0.00800000037997961,0.019183823838829994,0.024589061737060547,0.013846153393387794,0.02530972845852375,0.011688311584293842,0.022161617875099182,0.019183823838829994,0.0,0.006891865748912096,0.014359017834067345,0.0,0.0,0.0320604182779789,0.01567310094833374,0.014207889325916767,0.01285620965063572,0.0,0.08888889104127884,0.05145636200904846,0.03325944021344185,0.4319031834602356,0.00757425744086504,0.027803810313344002,0.0558706633746624,0.12097209692001343,0.023173192515969276,0.0,0.002640264108777046,0.00962566863745451,0.0,0.017307693138718605,0.019206052646040916,0.019354838877916336,0.019780220463871956,0.028740761801600456,0.039941053837537766,0.07190294563770294,0.0280473493039608,0.025382013991475105,0.08626040816307068,0.013114754110574722,0.01115708239376545,0.010344144888222218,0.004541216883808374,0.009782608598470688,0.007370241452008486,0.0,0.08437031507492065,0.0,0.0,0.016668926924467087,0.0,0.0,0.0,
2,0.009782608598470688,0.040395256131887436,0.041860464960336685,0.03662349656224251,0.3031509518623352,0.03076923079788685,0.005147058982402086,0.09732747822999954,0.016770940274000168,0.01438852958381176,0.0,0.017687182873487473,0.06061036139726639,0.004591836594045162,0.018281929194927216,0.01233538519591093,0.01894736848771572,0.023354509845376015,0.03426842764019966,0.006338028237223625,0.023060178384184837,0.025714285671710968,0.026435643434524536,0.02375648356974125,0.0,0.012247069738805294,0.017657078802585602,0.0,0.0,0.022805171087384224,0.023376623168587685,0.02003992348909378,0.011289122514426708,0.01870238408446312,0.01320754736661911,0.0197069700807333,0.01512257382273674,0.4910891056060791,0.01450448390096426,0.04441995918750763,0.17316721379756927,0.06787658482789993,0.14017391204833984,0.0,0.04221121966838837,0.05785942077636719,0.018369972705841064,0.00947368424385786,0.017009560018777847,0.012949639931321144,0.017391303554177284,0.11496149748563766,0.015229426324367523,0.0888785645365715,0.584248423576355,0.039205461740493774,0.42477819323539734,0.01666666753590107,0.00947368424385786,0.008529258891940117,0.013327323831617832,0.011111111380159855,0.012767431326210499,0.0,0.03752044588327408,0.0,0.0,0.036019351333379745,0.0,0.0,0.0,
3,0.00989961251616478,0.03333333507180214,0.03954311087727547,0.05454545468091965,0.050711046904325485,0.01860465109348297,0.0042553190141916275,0.11732672899961472,0.01776147074997425,0.014664780348539352,0.0,0.017485380172729492,0.06593982875347137,0.00592592591419816,0.022913364693522453,0.020829731598496437,0.02222222276031971,0.021174754947423935,0.051336102187633514,0.012345679104328156,0.023955948650836945,0.03913043439388275,0.029453095048666,0.03686031326651573,0.0,0.03259354829788208,0.02386702410876751,0.0,0.0,0.02184951677918434,0.016730068251490593,0.020322585478425026,0.020570317283272743,0.02066700905561447,0.8999999761581421,0.04388374462723732,0.033500492572784424,0.07676619291305542,0.013532986864447594,0.06987032294273376,0.17707213759422302,0.0800587460398674,0.026174303144216537,0.0,0.11328473687171936,0.019653093069791794,0.01842651329934597,0.10000000149011612,0.012965560890734196,0.012413793243467808,0.04715700075030327,0.41893190145492554,0.013705584220588207,0.02657949924468994,0.5911881327629089,0.06845062971115112,0.07050725817680359,0.020454544574022293,0.011180124245584011,0.02430015243589878,0.02414068579673767,0.016981132328510284,0.010565156117081642,0.0,0.06508970260620117,0.0,0.0,0.02617553621530533,0.0,0.0,0.0,
4,0.017040997743606567,0.013235294260084629,0.05120023712515831,0.19304199516773224,0.33476904034614563,0.004278074949979782,0.0043715848587453365,0.18343351781368256,0.03045082464814186,0.032589223235845566,0.0,0.01845775730907917,0.11204549670219421,0.007627118844538927,0.02978341653943062,0.03959783911705017,0.0416666679084301,0.025618812069296837,0.15480251610279083,0.014754097908735275,0.06636446714401245,0.0833333358168602,0.054426323622465134,0.032877977937459946,0.0,0.1684158444404602,0.025873938575387,0.0,0.0,0.026473073288798332,0.02857142873108387,0.026943333446979523,0.022407347336411476,0.04160420969128609,0.800000011920929,0.1279066652059555,0.11262376606464386,0.07901933044195175,0.014938050881028175,0.16326197981834412,0.02028840035200119,0.05253015458583832,0.02570131979882717,0.0,0.15797260403633118,0.01201620139181614,0.01698469929397106,0.44999998807907104,0.012201186269521713,0.03461538627743721,0.03468061983585358,0.2397231012582779,0.013302677311003208,0.029123302549123764,0.8442243933677673,0.25658416748046875,0.27043312788009644,0.04444444552063942,0.014876033179461956,0.059405941516160965,0.01581380143761635,0.15000000596046448,0.019393635913729668,0.0534653477370739,0.032889287918806076,0.0,0.0,0.02716425433754921,0.0,0.0,0.0,
5,0.02488190308213234,0.03461538627743721,0.033791832625865936,0.17493249475955963,0.070620097219944,0.0047904192470014095,0.0,0.7781878113746643,0.0286005437374115,0.05465346574783325,0.0,0.02039634995162487,0.44126540422439575,0.005673758685588837,0.047474686056375504,0.037975285202264786,0.09963853657245636,0.023968646302819252,0.2540668845176697,0.22499999403953552,0.24932372570037842,0.08181817829608917,0.05022869259119034,0.039120446890592575,0.0,0.20026299357414246,0.03019006736576557,0.007694483734667301,0.0,0.022213246673345566,0.03896624594926834,0.03130800276994705,0.09134653210639954,0.04892253875732422,0.8999999761581421,0.08929811418056488,0.09079679101705551,0.08354811370372772,0.02684105932712555,0.24223965406417847,0.07315129786729813,0.07392843067646027,0.021366508677601814,0.0,0.029206495732069016,0.010574257001280785,0.021834461018443108,0.8999999761581421,0.005697569809854031,0.00942408386617899,0.07027345895767212,0.8466152548789978,0.014938050881028175,0.02334270440042019,0.6316831707954407,0.12551409006118774,0.7542256712913513,0.4000000059604645,0.050591252744197845,0.09092099219560623,0.016334423795342445,0.08888889104127884,0.021414518356323242,0.026063309982419014,0.11600975692272186,0.0,0.0,0.0205658171325922,0.0,0.0,0.0,
6,0.825721263885498,0.017307693138718605,0.05792079120874405,0.16595396399497986,0.35164451599121094,0.004907975438982248,0.0,0.6648514866828918,0.05111110955476761,0.022442243993282318,0.0,0.02195782959461212,0.22437110543251038,0.007692307699471712,0.04818015545606613,0.06212972477078438,0.08638373762369156,0.02798261120915413,0.13185535371303558,0.18000000715255737,0.2648600935935974,0.08181817829608917,0.059493109583854675,0.030870603397488594,0.0,0.26435643434524536,0.1235775500535965,0.02306322380900383,0.0,0.021414343267679214,0.0360206700861454,0.02741474099457264,0.16228194534778595,0.14817456901073456,0.800000011920929,0.04689059033989906,0.06177477911114693,0.0714000016450882,0.06905745714902878,0.26851388812065125,0.046737007796764374,0.025826597586274147,0.005531400442123413,0.0,0.04989686608314514,0.002869036979973316,0.02279135212302208,0.44999998807907104,0.0013388838851824403,0.014456992968916893,0.08888889104127884,0.8866336345672607,0.013917526230216026,0.025105157867074013,0.42653465270996094,0.07447344809770584,0.6159471273422241,0.4000000059604645,0.022740153595805168,0.11405940353870392,0.015185424126684666,0.07999999821186066,0.09193776547908783,0.02517482452094555,0.07213523983955383,0.0,0.0,0.021613001823425293,0.0,0.0,0.0,
7,0.8999999761581421,0.020454544574022293,0.053252212703228,0.07971356064081192,0.10384615510702133,0.004848484881222248,0.0,0.6277846693992615,0.17658965289592743,0.03051413595676422,0.0,0.024128377437591553,0.043530553579330444,0.01666666753590107,0.042730867862701416,0.5268564224243164,0.33348333835601807,0.014155040495097637,0.031769175082445145,0.18000000715255737,0.3997560143470764,0.18000000715255737,0.09025359153747559,0.03114526905119419,0.0,0.15324032306671143,0.2841584086418152,0.021946728229522705,0.0,0.019439363852143288,0.05140263959765434,0.017381738871335983,0.0817377120256424,0.030201269313693047,0.800000011920929,0.020823827013373375,0.09533819556236267,0.060967400670051575,0.07092779129743576,0.11556106805801392,0.03169715404510498,0.0558016262948513,0.001586870988830924,0.0,0.1018156111240387,0.0,0.05426178500056267,0.8011904954910278,0.0,0.009999999776482582,0.06423818320035934,0.8180391192436218,0.015428571030497551,0.046551723033189774,0.3832046687602997,0.12229102104902267,0.6797381639480591,0.3499999940395355,0.5817539095878601,0.13478043675422668,0.0013003017520532012,0.08181817829608917,0.04933101311326027,0.02782699279487133,0.06749678403139114,0.0,0.0,0.03681113198399544,0.0,0.0,0.0,
8,0.8999999761581421,0.03214285895228386,0.06421518325805664,0.18128454685211182,0.10961810499429703,0.0060606058686971664,0.0,0.7757425904273987,0.1014864444732666,0.4925742447376251,0.03159678727388382,0.02245906926691532,0.10239648818969727,0.004109490197151899,0.03913043439388275,0.1922079175710678,0.17574258148670197,0.03214932978153229,0.07485831528902054,0.07500000298023224,0.2972472310066223,0.09000000357627869,0.07687769085168839,0.026627924293279648,0.0,0.25743988156318665,0.14894533157348633,0.016823338344693184,0.0,0.030960092321038246,0.02998499572277069,0.01659165881574154,0.10451342165470123,0.03886417672038078,0.8062499761581421,0.06822843104600906,0.5175742506980896,0.15882353484630585,0.5326732397079468,0.19406479597091675,0.021074257791042328,0.04206489771604538,0.0014480197569355369,0.0,0.033875223249197006,0.0,0.05345745012164116,0.8999999761581421,0.0,0.0,0.06896189600229263,0.799394965171814,0.09850385040044785,0.02840561792254448,0.4678995609283447,0.04206003248691559,0.6926803588867188,0.17573529481887817,0.6326732635498047,0.1142464280128479,0.003117494285106659,0.06666667014360428,0.26435643434524536,0.03044719435274601,0.03901062533259392,0.0,0.5486138463020325,0.1682920753955841,0.0,0.0,0.0,
9,0.8999999761581421,0.025714285671710968,0.029345467686653137,0.46126601099967957,0.1405104100704193,0.0,0.0,0.7945544719696045,0.10771309584379196,0.06251320987939835,0.013765569776296616,0.02395254746079445,0.04214584827423096,0.008737863972783089,0.08821888267993927,0.6722772121429443,0.16393515467643738,0.03180475905537605,0.1688118875026703,0.04285714402794838,0.20099501311779022,0.05624999850988388,0.07363231480121613,0.023076923564076424,0.0,0.40544554591178894,0.11610011011362076,0.015989387407898903,0.0,0.02356022037565708,0.18000000715255737,0.02751532383263111,0.12684468924999237,0.4477047622203827,0.4000000059604645,0.0488380491733551,0.49167144298553467,0.2066260427236557,0.5236055850982666,0.3544906973838806,0.002681153127923608,0.021957680583000183,0.0,0.0,0.023234179243445396,0.0,0.23413875699043274,0.8999999761581421,0.0016937542241066694,0.0,0.018170995637774467,0.8249008059501648,0.07372179627418518,0.03331175446510315,0.7586138844490051,0.013992669992148876,0.67714524269104,0.2674185335636139,0.60297030210495,0.20841583609580994,0.001594580477103591,0.07999999821186066,0.04126237705349922,0.04978411644697189,0.06506527960300446,0.0,0.4726409316062927,0.250141441822052,0.0,0.0,0.0,
10,0.8999999761581421,0.02368421107530594,0.04691319912672043,0.2411549985408783,0.5400000214576721,0.0,0.0,0.7757425904273987,0.09603548794984818,0.08183255046606064,0.006879354827105999,0.0274336040019989,0.05070527270436287,0.008256880566477776,0.06415841728448868,0.7270522117614746,0.18000000715255737,0.034285712987184525,0.6170791983604431,0.014925372786819935,0.08300027251243591,0.04210526496171951,0.04989073798060417,0.04556240886449814,0.0,0.36000001430511475,0.1174921914935112,0.010091743431985378,0.0,0.011547680012881756,0.20000000298023224,0.03609884902834892,0.21028180420398712,0.49383220076560974,0.4000000059604645,0.05717114731669426,0.6288543343544006,0.17466996610164642,0.18598459661006927,0.4772380292415619,0.0,0.006987040396779776,0.0013034214498475194,0.0,0.0032577451784163713,0.0,0.39427459239959717,0.8999999761581421,0.0,0.0,0.010707259178161621,0.7844488620758057,0.5533333420753479,0.03674262762069702,0.8362800478935242,0.0,0.6316108107566833,0.4000000059604645,0.32623761892318726,0.1500990092754364,0.004814599175006151,0.800000011920929,0.03155753016471863,0.032362647354602814,0.09415253251791,0.0,0.03507475182414055,0.023984454572200775,0.0,0.0,0.0,
11,0.8999999761581421,0.015254237689077854,0.10430148243904114,0.2608203589916229,0.8242574334144592,0.0,0.0,0.7923620939254761,0.03336581215262413,0.48828786611557007,0.014037258923053741,0.04013810679316521,0.09257426112890244,0.005504587199538946,0.11291667073965073,0.9112211465835571,0.7277227640151978,0.045812491327524185,0.8554455637931824,0.020930232480168343,0.19829101860523224,0.18000000715255737,0.054876405745744705,0.14866584539413452,0.038275931030511856,0.3757425844669342,0.16435644030570984,0.01694660447537899,0.0,0.015107350423932076,0.16363635659217834,0.02002980001270771,0.09661028534173965,0.1629628688097,0.4000000059604645,0.04257425665855408,0.4797854721546173,0.09486847370862961,0.1301744431257248,0.5208979249000549,0.0,0.005853462032973766,0.0056105609983205795,0.0,0.0,0.0036649631801992655,0.509808361530304,0.8999999761581421,0.0,0.0,0.015596238896250725,0.813270092010498,0.5021601915359497,0.0688011646270752,0.8663366436958313,0.0,0.5371214747428894,0.4000000059604645,0.32623761892318726,0.1500990092754364,0.005046589765697718,0.4000000059604645,0.08315593749284744,0.05250769853591919,0.17003598809242249,0.0,0.012606999836862087,0.06962689757347107,0.0,0.0,0.0,
12,0.8999999761581421,0.01267605647444725,0.10721169412136078,0.26405176520347595,0.8999999761581421,0.0,0.0,0.777887761592865,0.04837406054139137,0.1708320677280426,0.016452375799417496,0.04944436252117157,0.096184141933918,0.006412146147340536,0.10934653133153915,0.8999999761581421,0.60297030210495,0.04026566073298454,0.8554455637931824,0.035999998450279236,0.4882223904132843,0.20000000298023224,0.0830085352063179,0.1512298285961151,0.018603438511490822,0.30020037293434143,0.23901954293251038,0.019350847229361534,0.0,0.01134805753827095,0.06666667014360428,0.029195226728916168,0.09700224548578262,0.3858162462711334,0.4000000059604645,0.04599977284669876,0.11447067558765411,0.1370839625597,0.18061795830726624,0.43770894408226013,0.0,0.01322162989526987,0.006860310211777687,0.0,0.0,0.006400780752301216,0.34506916999816895,0.8999999761581421,0.0,0.0,0.032337117940187454,0.8554455637931824,0.808712899684906,0.16080372035503387,0.5856735706329346,0.0015935321571305394,0.577551543712616,0.4000000059604645,0.7514851689338684,0.16677667200565338,0.0020610224455595016,0.08888889104127884,0.09254950284957886,0.047937292605638504,0.11545483022928238,0.0,0.01967301219701767,0.03321221098303795,0.0,0.0,0.0,
13,0.8999999761581421,0.006299212574958801,0.10676990449428558,0.5894030928611755,0.9336633682250977,0.0,0.0,0.777887761592865,0.18772917985916138,0.3240419328212738,0.020889637991786003,0.07279909402132034,0.04600546136498451,0.004666666500270367,0.10812947154045105,0.6611881256103516,0.8349835276603699,0.09121286869049072,0.8554455637931824,0.10000000149011612,0.3576744794845581,0.1428571492433548,0.06564570218324661,0.057118259370326996,0.03915100172162056,0.4502139687538147,0.7439356446266174,0.037285879254341125,0.15326732397079468,0.0060328091494739056,0.06416377425193787,0.029195226728916168,0.05024348571896553,0.18787790834903717,0.4000000059604645,0.02627815492451191,0.03603047877550125,0.8999999761581421,0.27755776047706604,0.32606253027915955,0.010063301771879196,0.014011608436703682,0.010239783674478531,0.0,0.0,0.0044554453343153,0.3474147319793701,1.0,0.0,0.0026269101072102785,0.20000000298023224,0.8808326721191406,0.33003300428390503,0.2328982949256897,0.42653465270996094,0.016454502940177917,0.6197755336761475,0.4000000059604645,0.3811834156513214,0.13709570467472076,0.0027294622268527746,0.06666667014360428,0.2100990116596222,0.09913472086191177,0.31738460063934326,0.0,0.03461538627743721,0.0241584163159132,0.0,0.0,0.0,
14,0.8999999761581421,0.0008810572908259928,0.06730036437511444,0.7838044762611389,0.7788118720054626,0.0,0.0,0.7693069577217102,0.1874115914106369,0.312772274017334,0.024300822988152504,0.07108461111783981,0.011198361404240131,0.02380952425301075,0.13590872287750244,0.8999999761581421,0.9257885813713074,0.1831023097038269,0.8999999761581421,0.18000000715255737,0.5644978880882263,0.22499999403953552,0.25889456272125244,0.05272853374481201,0.041306234896183014,0.35469338297843933,0.2880527973175049,0.03794292360544205,0.1008073091506958,0.009483885020017624,0.2004590481519699,0.03918901085853577,0.1288246512413025,0.2437921166419983,0.4000000059604645,0.039604783058166504,0.04373931139707565,0.7990099191665649,0.42418670654296875,0.43384671211242676,0.01985294185578823,0.025676805526018143,0.001824276871047914,0.0,0.0,0.0,0.48586857318878174,0.9029411673545837,0.0,0.0030915336683392525,0.14428788423538208,0.8801980018615723,0.6756011247634888,0.42237624526023865,0.42653465270996094,0.023132681846618652,0.6443057060241699,0.40909090638160706,0.3716171681880951,0.4699670076370239,0.0027294622268527746,0.03478260710835457,0.15050405263900757,0.1105509027838707,0.3716433048248291,0.0,0.04285714402794838,0.002463173121213913,0.0,0.0,0.0,
15,0.9552097916603088,0.0055900621227920055,0.08087500184774399,0.8328650593757629,0.8242574334144592,0.0,0.0,0.7663366198539734,0.2314710021018982,0.14249058067798615,0.023555081337690353,0.05931593105196953,0.05184008926153183,0.024390242993831635,0.15862537920475006,0.8999999761581421,0.9015571475028992,0.30576586723327637,0.9007013440132141,0.09000000357627869,0.6103960275650024,0.8999999761581421,0.48400115966796875,0.03768421337008476,0.027877027168869972,0.30841583013534546,0.3364536464214325,0.03074159286916256,0.1503128558397293,0.023553580045700073,0.4143100380897522,0.02687411569058895,0.7485148310661316,0.21371130645275116,0.699999988079071,0.038756877183914185,0.0643187016248703,0.8663366436958313,0.7059406042098999,0.49017125368118286,0.014210525900125504,0.02402537874877453,0.0,0.0,0.0,0.0,0.38805457949638367,1.0,0.0,0.011219026520848274,0.12264200299978256,0.8301980495452881,0.9124540686607361,0.49188119173049927,0.40306931734085083,0.027292931452393532,0.6992875933647156,0.44999998807907104,0.38645800948143005,0.6757425665855408,0.0021186734084039927,0.01600000075995922,0.1066666692495346,0.09258763492107391,0.4033348560333252,0.0,0.08181817829608917,0.0,0.0,0.0,0.0,
16,0.8999999761581421,0.010989011265337467,0.059086624532938004,0.8399518132209778,0.9009901285171509,0.0,0.0,0.7401697039604187,0.16875000298023224,0.07960396260023117,0.03624679148197174,0.07078354060649872,0.1529950052499771,0.02380952425301075,0.11011622846126556,0.8999999761581421,0.9011220932006836,0.0919894427061081,0.8678982257843018,0.08181817829608917,0.5704384446144104,0.8999999761581421,0.2145426869392395,0.03371933102607727,0.03930693119764328,0.6113861203193665,0.3206120729446411,0.02865009568631649,0.09932094812393188,0.010073255747556686,0.34176960587501526,0.021413689479231834,0.6030545830726624,0.5123034119606018,0.4000000059604645,0.034583646804094315,0.09490670263767242,0.8442243933677673,0.7152722477912903,0.5226386785507202,0.0,0.022528473287820816,0.0,0.0,0.01684691570699215,0.0,0.7381188273429871,0.9024389982223511,0.0,0.01826190948486328,0.14362768828868866,0.8289979100227356,0.9141914248466492,0.5798019766807556,0.4277227818965912,0.03536359965801239,0.6692409515380859,0.44999998807907104,0.2174917459487915,0.5539000034332275,0.0,0.01666666753590107,0.21683168411254883,0.05352722853422165,0.3618530035018921,0.0,0.1651485115289688,0.029449688270688057,0.0,0.0,0.0,
17,0.8999999761581421,0.007377048954367638,0.0520176887512207,0.8399166464805603,0.9010201096534729,0.0,0.0,0.7960395812988281,0.36811619997024536,0.10089769214391708,0.03905940428376198,0.0691998079419136,0.1664014756679535,0.019999999552965164,0.1793316900730133,0.8554455637931824,0.801980197429657,0.02767087146639824,0.8666666746139526,0.06428571790456772,0.4669894576072693,0.30000001192092896,0.15465795993804932,0.0035643563605844975,0.025605741888284683,0.6113861203193665,0.28795161843299866,0.026912296190857887,0.05572843179106712,0.012200362049043179,0.263884961605072,0.028747057542204857,0.501980185508728,0.508750855922699,0.4000000059604645,0.03745874762535095,0.08153015375137329,0.8663366436958313,0.9663366079330444,0.5229479670524597,0.0,0.018046438694000244,0.0,0.0,0.0072785657830536366,0.0,0.7381188273429871,0.9023809432983398,0.0,0.03765838220715523,0.14051155745983124,0.8623055219650269,0.9168316721916199,0.8999999761581421,0.42211219668388367,0.0744401216506958,0.6870207190513611,0.44999998807907104,0.29923492670059204,0.4469723105430603,0.0016727139009162784,0.012857142835855484,0.21683168411254883,0.11760055273771286,0.4238723814487457,0.0,0.2571428716182709,0.15679915249347687,0.0,0.0,0.0,
18,0.9504950642585754,0.009345794096589088,0.05002982169389725,0.9140225648880005,0.9010201096534729,0.0,0.0,0.7709777355194092,0.3685431480407715,0.1346534639596939,0.07848184555768967,0.07454030960798264,0.12740473449230194,0.018518518656492233,0.4313785135746002,0.8999999761581421,0.801980197429657,0.03366336598992348,0.8834983706474304,0.03913043439388275,0.5161759257316589,0.18000000715255737,0.0832635685801506,0.0,0.027439886704087257,0.6113861203193665,0.30269134044647217,0.029217621311545372,0.05207688361406326,0.01436670683324337,0.5333418846130371,0.03238705173134804,0.614592969417572,0.7710695862770081,0.800000011920929,0.035708338022232056,0.13868243992328644,0.8663366436958313,0.813642144203186,0.5176379680633545,0.0,0.017279550433158875,0.0,0.0,0.008976897224783897,0.0,0.4903818964958191,0.8999999761581421,0.0,0.02881779335439205,0.26650163531303406,0.8773800730705261,0.808712899684906,0.8242574334144592,0.4230473041534424,0.11855705827474594,0.6912116408348083,0.41111111640930176,0.4058036506175995,0.551980197429657,0.0,0.013846153393387794,0.24299858510494232,0.09259869158267975,0.505212128162384,0.0,0.44999998807907104,0.29856812953948975,0.0,0.0,0.0,
19,1.0,0.008490566164255142,0.03599074110388756,0.8984323143959045,0.8999999761581421,0.0,0.0,0.7960395812988281,0.45841583609580994,0.3031485080718994,0.07303062826395035,0.07544457912445068,0.10517708212137222,0.04545454680919647,0.21558132767677307,0.8999999761581421,0.8349835276603699,0.07816124707460403,0.8554455637931824,0.03030303120613098,0.44338861107826233,0.12857143580913544,0.08395802229642868,0.0028602860402315855,0.05102546140551567,0.6113861203193665,0.32838284969329834,0.05352609604597092,0.06141868233680725,0.006175234913825989,0.5548259019851685,0.03490994870662689,0.6014851331710815,0.8567079305648804,0.3499999940395355,0.026388291269540787,0.1654365509748459,0.8336633443832397,0.8414174914360046,0.4657009243965149,0.0,0.01845358870923519,0.0,0.0,0.04330607131123543,0.0,0.6561385989189148,0.8999999761581421,0.0,0.014739847742021084,0.22493523359298706,0.8695544600486755,0.825544536113739,0.7485148310661316,0.4231323003768921,0.10472024977207184,0.7014241814613342,0.40833333134651184,0.20029529929161072,0.5402423143386841,0.0020876505877822638,0.013114754110574722,0.5825742483139038,0.1500450074672699,0.5431522727012634,0.0,0.30000001192092896,0.21529962122440338,0.0,0.0,0.0,
20,1.0,0.04545454680919647,0.024907106533646584,0.9057048559188843,0.8663366436958313,0.00937500037252903,0.0,0.724092423915863,0.45841583609580994,0.3189212381839752,0.0542345754802227,0.08901543915271759,0.10647038370370865,0.025641025975346565,0.10694554448127747,0.8999999761581421,0.8349835276603699,0.032461103051900864,0.8554455637931824,0.020408162847161293,0.32574859261512756,0.08181817829608917,0.14061656594276428,0.0035103510599583387,0.050385039299726486,0.4155445396900177,0.3288118839263916,0.050081007182598114,0.09586848318576813,0.009781495667994022,0.6113861203193665,0.03383094072341919,0.501980185508728,0.9009901285171509,0.4000000059604645,0.025966111570596695,0.2141442745923996,0.800000011920929,0.8742574453353882,0.4679819643497467,0.0,0.010718255303800106,0.0,0.0,0.029295282438397408,0.0,0.7381188273429871,0.8055555820465088,0.0,0.0,0.09324119985103607,0.8629934191703796,0.7345243096351624,0.8999999761581421,0.3998349905014038,0.06462250649929047,0.6734209060668945,0.44999998807907104,0.2571428716182709,0.46047523617744446,0.010952270589768887,0.04444444552063942,0.28230199217796326,0.1320396065711975,0.4823196530342102,0.0,0.11999999731779099,0.29224836826324463,0.0,0.0,0.0,
21,0.9252475500106812,0.09090909361839294,0.025297824293375015,0.9252475500106812,0.8999999761581421,0.0,0.0,0.7467326521873474,0.45561057329177856,0.49816831946372986,0.06965842843055725,0.07756534218788147,0.1015346571803093,0.0714285746216774,0.151914581656456,0.8999999761581421,0.8349835276603699,0.033486947417259216,0.8578500747680664,0.03333333507180214,0.2801758348941803,0.03750000149011612,0.20559929311275482,0.004212421365082264,0.4915841519832611,0.3841584026813507,0.5074257254600525,0.08520612865686417,0.09520313888788223,0.006454313173890114,0.5590758919715881,0.03571304678916931,0.5268564224243164,0.9128713011741638,0.4000000059604645,0.026776354759931564,0.2826705276966095,0.8442243933677673,0.6920132040977478,0.5065227746963501,0.0,0.008666313253343105,0.0,0.0,0.0,0.0,0.5199434161186218,0.8071428537368774,0.0,0.0,0.11249999701976776,0.8703663349151611,0.9554455280303955,0.8999999761581421,0.42653465270996094,0.024227941408753395,0.6898148059844971,0.44999998807907104,0.2787835896015167,0.4774819612503052,0.007902073673903942,0.019512195140123367,0.2611577808856964,0.20151427388191223,0.5066910982131958,0.0,0.07500000298023224,0.24125412106513977,0.0,0.0,0.0,
22,1.0,1.0,0.01637527532875538,0.9001203179359436,0.8999999761581421,0.011940298601984978,0.0,0.7945544719696045,0.4567326605319977,0.3866572380065918,0.08206397294998169,0.07253461331129074,0.10647749155759811,0.10000000149011612,0.13500000536441803,0.9112211465835571,1.0,0.04131413251161575,0.8269045948982239,0.11249999701976776,0.26462164521217346,0.04500000178813934,0.49248185753822327,0.02181311883032322,0.5163366198539734,0.3759421706199646,0.6222222447395325,0.10633007436990738,0.08431831747293472,0.005705185700207949,0.2833215594291687,0.038436152040958405,0.4657965898513794,0.8111939430236816,0.4000000059604645,0.029226338490843773,0.31786251068115234,0.6785478591918945,0.688797116279602,0.46536675095558167,0.0,0.014509519562125206,0.0,0.0,0.0,0.0,0.35874587297439575,0.8083333373069763,0.0,0.0,0.11520270258188248,0.8702070116996765,0.8742574453353882,0.9016831517219543,0.437791645526886,0.002540631452575326,0.6144554615020752,0.30000001192092896,0.354526162147522,0.47812455892562866,0.00953395664691925,0.0,0.20747385919094086,0.28882601857185364,0.46378153562545776,0.0,0.09000000357627869,0.09925149381160736,0.0,0.0,0.0,
23,0.9252475500106812,1.0,0.02124136872589588,0.9084983468055725,0.8999999761581421,0.01066666655242443,0.0,0.7873952984809875,0.4597494304180145,0.30404192209243774,0.1119828000664711,0.09069440513849258,0.12828408181667328,0.05882352963089943,0.10130693018436432,0.9003782272338867,0.9532453417778015,0.0534653477370739,0.8173114657402039,0.08181817829608917,0.34431108832359314,0.03750000149011612,0.30587902665138245,0.013910891488194466,0.29049503803253174,0.30841583013534546,0.3766380846500397,0.11638005822896957,0.0519210621714592,0.009085772559046745,0.5268849730491638,0.04440278559923172,0.43090522289276123,0.7202767729759216,0.4009174406528473,0.026306111365556717,0.30792462825775146,0.7227723002433777,0.5304974913597107,0.4624156057834625,0.0,0.016143497079610825,0.0,0.0,0.0,0.0,0.2778538167476654,0.8999999761581421,0.0,0.0,0.09574674069881439,0.8700494766235352,0.9202709794044495,0.9018701910972595,0.4233590066432953,0.0030883823055773973,0.6184727549552917,0.44999998807907104,0.354526162147522,0.47786909341812134,0.010470297187566757,0.0,0.25858086347579956,0.5311881303787231,0.5115035176277161,0.0,0.11999999731779099,0.08748413622379303,0.0,0.0,0.0,
24,0.9042079448699951,0.25,0.027702108025550842,0.8901697397232056,0.8707274794578552,0.0,0.0,0.8321782350540161,0.394130140542984,0.22151923179626465,0.04074854776263237,0.07785778492689133,0.1391388177871704,0.0833333358168602,0.1080000028014183,0.8999999761581421,1.0,0.050495050847530365,0.8554455637931824,0.040909089148044586,0.29769864678382874,0.02222222276031971,0.3619665503501892,0.004728227853775024,0.15016502141952515,0.30018362402915955,0.37839463353157043,0.11588872969150543,0.042159054428339005,0.020192891359329224,0.5268849730491638,0.0618986114859581,0.5268564224243164,0.691006600856781,0.800000011920929,0.043352194130420685,0.3216661214828491,0.8663366436958313,0.5621122121810913,0.46169164776802063,0.0,0.018049603328108788,0.0,0.0,0.0,0.0,0.5010226368904114,0.8999999761581421,0.0,0.0,0.2732248902320862,0.8741409182548523,0.9200990200042725,0.8999999761581421,0.6344554424285889,0.022518938407301903,0.6766955852508545,0.44999998807907104,0.4261815845966339,0.46690240502357483,0.007825637236237526,0.0,0.200711190700531,0.17599940299987793,0.5092060565948486,0.0,0.6772277355194092,0.07744150608778,0.0,0.0,0.0,
25,0.9042079448699951,0.20000000298023224,0.050115011632442474,0.8924092650413513,0.8730692863464355,0.0,0.0,0.8381187915802002,0.40466761589050293,0.15911933779716492,0.08070049434900284,0.11050782352685928,0.11857202649116516,0.1666666716337204,0.12413012981414795,0.8999999761581421,1.0,0.03029702976346016,0.8560929298400879,0.015625,0.3876338601112366,0.02432432398200035,0.6673267483711243,0.010305112227797508,0.07899948209524155,0.2580955922603607,0.324141263961792,0.08854313939809799,0.05528910830616951,0.028107469901442528,0.28607672452926636,0.0485733263194561,0.8663366436958313,0.6914483308792114,0.800000011920929,0.06794387102127075,0.35885757207870483,0.8999999761581421,0.553135335445404,0.5012601017951965,0.0,0.015161815099418163,0.0,0.0,0.0,0.004994015675038099,0.5377888083457947,0.8999999761581421,0.0,0.0,0.4940739870071411,0.8773177266120911,0.9112211465835571,0.9336633682250977,0.6344554424285889,0.02531353197991848,0.6399248242378235,0.44999998807907104,0.45049506425857544,0.46690240502357483,0.008956119418144226,0.0,0.5603397488594055,0.20151427388191223,0.5434795022010803,0.0,0.8999999761581421,0.1416795551776886,0.0,0.0,0.0,
26,0.9033663272857666,0.20000000298023224,0.07581041753292084,0.9190593957901001,0.8999999761581421,0.0,0.0,0.8381187915802002,0.4721122086048126,0.13962337374687195,0.14203420281410217,0.11419142037630081,0.0926784798502922,0.3333333432674408,0.13550244271755219,0.8999999761581421,1.0,0.024828903377056122,0.8591859340667725,0.027272727340459824,0.5150339007377625,0.029999999329447746,0.879768967628479,0.02189226634800434,0.06526044011116028,0.25824058055877686,0.29331085085868835,0.08176328241825104,0.07997524738311768,0.024009032174944878,0.15814709663391113,0.035506997257471085,0.8190099000930786,0.7714851498603821,0.800000011920929,0.0682682991027832,0.38981613516807556,0.8999999761581421,0.5651814937591553,0.5216407179832458,0.0,0.01539583783596754,0.0,0.0,0.024368559941649437,0.005826351698487997,0.5971534848213196,0.9142857193946838,0.0,0.0,0.49041128158569336,0.8722772002220154,0.9168316721916199,0.8999999761581421,0.5131683349609375,0.023189671337604523,0.7041037678718567,0.44999998807907104,0.4108910858631134,0.4942244291305542,0.011670157313346863,0.0,0.3307991623878479,0.13140028715133667,0.5654172301292419,0.0,0.9014026522636414,0.6235973834991455,0.0,0.0,0.0,
27,0.9036067724227905,0.1428571492433548,0.1485823541879654,0.9199434518814087,0.8999999761581421,0.0,0.0,0.8381187915802002,0.4721122086048126,0.15572842955589294,0.17606082558631897,0.11812905222177505,0.05361420288681984,0.3333333432674408,0.1805429607629776,0.8999999761581421,1.0,0.03157481923699379,0.8580350279808044,0.06428571790456772,0.6299777626991272,0.03214285895228386,0.9293729662895203,0.023682713508605957,0.06254125386476517,0.23509900271892548,0.3587789535522461,0.11711195856332779,0.06586991995573044,0.018368404358625412,0.22391469776630402,0.03892113268375397,0.8204620480537415,0.6443549394607544,0.800000011920929,0.07335493713617325,0.35983026027679443,0.8999999761581421,0.3319031894207001,0.4293566644191742,0.0,0.014017482288181782,0.0,0.0,0.007389519363641739,0.0,0.6774163246154785,0.8999999761581421,0.0,0.0035703571047633886,0.4407137930393219,0.846138596534729,0.9200990200042725,0.8999999761581421,0.5065346360206604,0.02355610579252243,0.704399585723877,0.44999998807907104,0.45049506425857544,0.4942244291305542,0.015000148676335812,0.0,0.17173060774803162,0.17203719913959503,0.5437058210372925,0.0,0.8999999761581421,0.1455584466457367,0.0,0.0,0.0,
